1ST,4.5,2018-04-03 20:40:46
2GIVE,0.01,2018-04-03 20:40:46
8BIT,0.002,2018-04-03 20:40:46
ABY,0.2,2018-04-03 20:40:46
ADA,0.2,2018-04-03 20:40:46
ADC,2.0,2018-04-03 20:40:46
ADT,43.0,2018-04-03 20:40:46
ADX,3.0,2018-04-03 20:40:46
AEON,0.1,2018-04-03 20:40:46
AGRS,5.0,2018-04-03 20:40:46
AMP,5.0,2018-04-03 20:40:46
AMS,1.0,2018-04-03 20:40:46
ANT,1.3,2018-04-03 20:40:46
APX,0.1,2018-04-03 20:40:46
ARB,0.02,2018-04-03 20:40:46
ARDR,2.0,2018-04-03 20:40:46
ARK,0.1,2018-04-03 20:40:46
AUR,0.002,2018-04-03 20:40:46
BAT,10.0,2018-04-03 20:40:46
BAY,0.2,2018-04-03 20:40:46
BCH,0.001,2018-04-03 20:40:46
BCPT,1.0,2018-04-03 20:40:46
BCY,5.0,2018-04-03 20:40:46
BITB,0.2,2018-04-03 20:40:46
BITCNY,1.5,2018-04-03 20:40:46
BITS,0.002,2018-04-03 20:40:46
BITZ,0.02,2018-04-03 20:40:46
BLC,0.2,2018-04-03 20:40:46
BLITZ,0.02,2018-04-03 20:40:46
BLK,0.02,2018-04-03 20:40:46
BLOCK,0.02,2018-04-03 20:40:46
BNT,0.85,2018-04-03 20:40:46
BRK,0.02,2018-04-03 20:40:46
BRX,0.02,2018-04-03 20:40:46
BSD,0.002,2018-04-03 20:40:46
BSTY,0.2,2018-04-03 20:40:46
BTA,1.0,2018-04-03 20:40:46
BTC,0.0005,2018-04-03 20:40:46
BTCD,0.02,2018-04-03 20:40:46
BTCP,0.01,2018-04-03 20:40:46
BTG,0.001,2018-04-03 20:40:46
BTS,5.0,2018-04-03 20:40:46
BURST,2.0,2018-04-03 20:40:46
BYC,0.02,2018-04-03 20:40:46
CANN,0.2,2018-04-03 20:40:46
CCN,0.02,2018-04-03 20:40:46
CFI,27.0,2018-04-03 20:40:46
CLAM,0.2,2018-04-03 20:40:46
CLOAK,0.02,2018-04-03 20:40:46
CLUB,0.02,2018-04-03 20:40:46
COVAL,200.0,2018-04-03 20:40:46
CPC,0.2,2018-04-03 20:40:46
CRB,8.0,2018-04-03 20:40:46
CRW,0.02,2018-04-03 20:40:46
CRYPT,0.02,2018-04-03 20:40:46
CURE,0.0002,2018-04-03 20:40:46
CVC,8.0,2018-04-03 20:40:46
DAR,0.1,2018-04-03 20:40:46
DASH,0.002,2018-04-03 20:40:46
DCR,0.1,2018-04-03 20:40:46
DCT,0.1,2018-04-03 20:40:46
DGB,0.2,2018-04-03 20:40:46
DGC,0.2,2018-04-03 20:40:46
DGD,0.038,2018-04-03 20:40:46
DMD,0.002,2018-04-03 20:40:46
DMT,1.0,2018-04-03 20:40:46
DNT,29.0,2018-04-03 20:40:46
DOGE,2.0,2018-04-03 20:40:46
DOPE,0.002,2018-04-03 20:40:46
DTB,5.0,2018-04-03 20:40:46
DTC,0.2,2018-04-03 20:40:46
DYN,0.02,2018-04-03 20:40:46
EBST,0.1,2018-04-03 20:40:46
EDG,3.5,2018-04-03 20:40:46
EFL,0.2,2018-04-03 20:40:46
EGC,0.2,2018-04-03 20:40:46
EMC,0.02,2018-04-03 20:40:46
EMC2,0.2,2018-04-03 20:40:46
ENG,1.0,2018-04-03 20:40:46
ENRG,0.2,2018-04-03 20:40:46
ERC,0.2,2018-04-03 20:40:46
ETC,0.01,2018-04-03 20:40:46
ETH,0.006,2018-04-03 20:40:46
EXCL,0.2,2018-04-03 20:40:46
EXP,0.01,2018-04-03 20:40:46
FAIR,0.02,2018-04-03 20:40:46
FC2,0.02,2018-04-03 20:40:46
FCT,0.01,2018-04-03 20:40:46
FLDC,150.0,2018-04-03 20:40:46
FLO,0.2,2018-04-03 20:40:46
FRK,0.002,2018-04-03 20:40:46
FTC,0.2,2018-04-03 20:40:46
FUN,49.0,2018-04-03 20:40:46
GAM,0.3,2018-04-03 20:40:46
GAME,0.2,2018-04-03 20:40:46
GBG,0.01,2018-04-03 20:40:46
GBYTE,0.002,2018-04-03 20:40:46
GCR,0.02,2018-04-03 20:40:46
GEO,0.1,2018-04-03 20:40:46
GLD,0.0002,2018-04-03 20:40:46
GNO,0.02,2018-04-03 20:40:46
GNT,9.0,2018-04-03 20:40:46
GOLOS,0.01,2018-04-03 20:40:46
GP,0.2,2018-04-03 20:40:46
GRC,0.2,2018-04-03 20:40:46
GRS,0.2,2018-04-03 20:40:46
GRT,20.0,2018-04-03 20:40:46
GUP,7.0,2018-04-03 20:40:46
HMQ,16.0,2018-04-03 20:40:46
HYPER,0.02,2018-04-03 20:40:46
IGNIS,2.0,2018-04-03 20:40:46
INCNT,0.1,2018-04-03 20:40:46
INFX,0.1,2018-04-03 20:40:46
IOC,0.2,2018-04-03 20:40:46
ION,0.2,2018-04-03 20:40:46
IOP,0.2,2018-04-03 20:40:46
J,0.02,2018-04-03 20:40:46
KMD,0.002,2018-04-03 20:40:46
KORE,0.02,2018-04-03 20:40:46
LBC,0.02,2018-04-03 20:40:46
LGD,4.0,2018-04-03 20:40:46
LMC,0.2,2018-04-03 20:40:46
LRC,1.0,2018-04-03 20:40:46
LSK,0.1,2018-04-03 20:40:46
LTC,0.01,2018-04-03 20:40:46
LUN,0.15,2018-04-03 20:40:46
MAID,2.0,2018-04-03 20:40:46
MANA,36.0,2018-04-03 20:40:46
MAX,0.2,2018-04-03 20:40:46
MCO,0.5,2018-04-03 20:40:46
MEC,1.0,2018-04-03 20:40:46
MEME,0.02,2018-04-03 20:40:46
MER,0.1,2018-04-03 20:40:46
METAL,20.0,2018-04-03 20:40:46
MLN,0.035,2018-04-03 20:40:46
MND,1.0,2018-04-03 20:40:46
MONA,0.2,2018-04-03 20:40:46
MTL,1.35,2018-04-03 20:40:46
MUE,0.02,2018-04-03 20:40:46
MUSIC,0.01,2018-04-03 20:40:46
MYST,2.5,2018-04-03 20:40:46
MZC,0.2,2018-04-03 20:40:46
NAV,0.2,2018-04-03 20:40:46
NEO,0.025,2018-04-03 20:40:46
NEOS,0.02,2018-04-03 20:40:46
NET,0.2,2018-04-03 20:40:46
NEU,0.02,2018-04-03 20:40:46
NLG,0.2,2018-04-03 20:40:46
NMR,0.15,2018-04-03 20:40:46
NTRN,0.02,2018-04-03 20:40:46
NXC,13.0,2018-04-03 20:40:46
NXS,0.2,2018-04-03 20:40:46
NXT,2.0,2018-04-03 20:40:46
OC,0.2,2018-04-03 20:40:46
OK,0.2,2018-04-03 20:40:46
OMG,0.35,2018-04-03 20:40:46
OMNI,0.1,2018-04-03 20:40:46
ORB,0.2,2018-04-03 20:40:46
PART,0.1,2018-04-03 20:40:46
PAY,2.0,2018-04-03 20:40:46
PDC,5.0,2018-04-03 20:40:46
PINK,0.2,2018-04-03 20:40:46
PIVX,0.02,2018-04-03 20:40:46
PKB,0.02,2018-04-03 20:40:46
POT,0.002,2018-04-03 20:40:46
POWR,5.0,2018-04-03 20:40:46
PPC,0.02,2018-04-03 20:40:46
PTC,0.002,2018-04-03 20:40:46
PTOY,14.0,2018-04-03 20:40:46
PXI,0.2,2018-04-03 20:40:46
QRL,2.5,2018-04-03 20:40:46
QTUM,0.01,2018-04-03 20:40:46
QWARK,0.1,2018-04-03 20:40:46
RADS,0.2,2018-04-03 20:40:46
RBY,0.02,2018-04-03 20:40:46
RCN,16.0,2018-04-03 20:40:46
RDD,2.0,2018-04-03 20:40:46
REP,0.1,2018-04-03 20:40:46
RISE,0.1,2018-04-03 20:40:46
RLC,3.5,2018-04-03 20:40:46
RVR,0.1,2018-04-03 20:40:46
SAFEX,100.0,2018-04-03 20:40:46
SALT,0.6,2018-04-03 20:40:46
SBD,0.01,2018-04-03 20:40:46
SC,0.1,2018-04-03 20:40:46
SCRT,1.0,2018-04-03 20:40:46
SEQ,0.2,2018-04-03 20:40:46
SHIFT,0.01,2018-04-03 20:40:46
SIB,0.2,2018-04-03 20:40:46
SLG,0.2,2018-04-03 20:40:46
SLING,0.002,2018-04-03 20:40:46
SLR,0.2,2018-04-03 20:40:46
SLS,0.002,2018-04-03 20:40:46
SNGLS,3.5,2018-04-03 20:40:46
SNRG,0.002,2018-04-03 20:40:46
SNT,20.0,2018-04-03 20:40:46
SOON,0.2,2018-04-03 20:40:46
SPHR,0.002,2018-04-03 20:40:46
SPR,0.2,2018-04-03 20:40:46
SPRTS,1.0,2018-04-03 20:40:46
SRN,1.0,2018-04-03 20:40:46
START,0.02,2018-04-03 20:40:46
STEEM,0.01,2018-04-03 20:40:46
STEPS,0.2,2018-04-03 20:40:46
STORJ,3.0,2018-04-03 20:40:46
STRAT,0.2,2018-04-03 20:40:46
STV,0.2,2018-04-03 20:40:46
SWIFT,2.0,2018-04-03 20:40:46
SWING,0.1,2018-04-03 20:40:46
SWT,1.8,2018-04-03 20:40:46
SYNX,0.2,2018-04-03 20:40:46
SYS,0.0002,2018-04-03 20:40:46
TES,0.2,2018-04-03 20:40:46
THC,0.2,2018-04-03 20:40:46
TIME,0.2,2018-04-03 20:40:46
TIT,0.2,2018-04-03 20:40:46
TIX,5.0,2018-04-03 20:40:46
TKN,0.4,2018-04-03 20:40:46
TKS,0.1,2018-04-03 20:40:46
TRI,0.0002,2018-04-03 20:40:46
TRIG,5.0,2018-04-03 20:40:46
TRK,0.02,2018-04-03 20:40:46
TROLL,0.001,2018-04-03 20:40:46
TRST,7.0,2018-04-03 20:40:46
TRUST,0.02,2018-04-03 20:40:46
TRX,1.0,2018-04-03 20:40:46
TUSD,1.0,2018-04-03 20:40:46
TX,0.02,2018-04-03 20:40:46
UBQ,0.01,2018-04-03 20:40:46
UFO,0.2,2018-04-03 20:40:46
UKG,5.0,2018-04-03 20:40:46
UNB,0.2,2018-04-03 20:40:46
UNIT,2.0,2018-04-03 20:40:46
UNO,0.0002,2018-04-03 20:40:46
UP,1.0,2018-04-03 20:40:46
USDT,25.0,2018-04-03 20:40:46
UTC,0.02,2018-04-03 20:40:46
VEE,1.0,2018-04-03 20:40:46
VIA,0.2,2018-04-03 20:40:46
VIB,13.0,2018-04-03 20:40:46
VOX,0.1,2018-04-03 20:40:46
VRC,0.0002,2018-04-03 20:40:46
VRM,0.4,2018-04-03 20:40:46
VTC,0.02,2018-04-03 20:40:46
VTR,0.02,2018-04-03 20:40:46
WARP,0.02,2018-04-03 20:40:46
WAVES,0.001,2018-04-03 20:40:46
WAX,1.0,2018-04-03 20:40:46
WINGS,4.0,2018-04-03 20:40:46
XAUR,2.5,2018-04-03 20:40:46
XCO,0.02,2018-04-03 20:40:46
XCP,0.2,2018-04-03 20:40:46
XDN,0.01,2018-04-03 20:40:46
XEL,0.2,2018-04-03 20:40:46
XEM,4.0,2018-04-03 20:40:46
XLM,0.01,2018-04-03 20:40:46
XMG,0.0002,2018-04-03 20:40:46
XMR,0.04,2018-04-03 20:40:46
XMY,0.2,2018-04-03 20:40:46
XPY,0.002,2018-04-03 20:40:46
XQN,0.02,2018-04-03 20:40:46
XRP,1.0,2018-04-03 20:40:46
XST,0.02,2018-04-03 20:40:46
XVC,0.002,2018-04-03 20:40:46
XVG,0.2,2018-04-03 20:40:46
XWC,0.2,2018-04-03 20:40:46
XZC,0.02,2018-04-03 20:40:46
ZCL,0.002,2018-04-03 20:40:46
ZEC,0.005,2018-04-03 20:40:46
ZEN,0.002,2018-04-03 20:40:46
ZRX,1.0,2018-04-03 20:40:46
1ST,4.5,2018-04-03 20:42:35
2GIVE,0.01,2018-04-03 20:42:35
8BIT,0.002,2018-04-03 20:42:35
ABY,0.2,2018-04-03 20:42:35
ADA,0.2,2018-04-03 20:42:35
ADC,2.0,2018-04-03 20:42:35
ADT,43.0,2018-04-03 20:42:35
ADX,3.0,2018-04-03 20:42:35
AEON,0.1,2018-04-03 20:42:35
AGRS,5.0,2018-04-03 20:42:35
AMP,5.0,2018-04-03 20:42:35
AMS,1.0,2018-04-03 20:42:35
ANT,1.3,2018-04-03 20:42:35
APX,0.1,2018-04-03 20:42:35
ARB,0.02,2018-04-03 20:42:35
ARDR,2.0,2018-04-03 20:42:35
ARK,0.1,2018-04-03 20:42:35
AUR,0.002,2018-04-03 20:42:35
BAT,10.0,2018-04-03 20:42:35
BAY,0.2,2018-04-03 20:42:35
BCH,0.001,2018-04-03 20:42:35
BCPT,1.0,2018-04-03 20:42:35
BCY,5.0,2018-04-03 20:42:35
BITB,0.2,2018-04-03 20:42:35
BITCNY,1.5,2018-04-03 20:42:35
BITS,0.002,2018-04-03 20:42:35
BITZ,0.02,2018-04-03 20:42:35
BLC,0.2,2018-04-03 20:42:35
BLITZ,0.02,2018-04-03 20:42:35
BLK,0.02,2018-04-03 20:42:35
BLOCK,0.02,2018-04-03 20:42:35
BNT,0.85,2018-04-03 20:42:35
BRK,0.02,2018-04-03 20:42:35
BRX,0.02,2018-04-03 20:42:35
BSD,0.002,2018-04-03 20:42:35
BSTY,0.2,2018-04-03 20:42:35
BTA,1.0,2018-04-03 20:42:35
BTC,0.0005,2018-04-03 20:42:35
BTCD,0.02,2018-04-03 20:42:35
BTCP,0.01,2018-04-03 20:42:35
BTG,0.001,2018-04-03 20:42:35
BTS,5.0,2018-04-03 20:42:35
BURST,2.0,2018-04-03 20:42:35
BYC,0.02,2018-04-03 20:42:35
CANN,0.2,2018-04-03 20:42:35
CCN,0.02,2018-04-03 20:42:35
CFI,27.0,2018-04-03 20:42:35
CLAM,0.2,2018-04-03 20:42:35
CLOAK,0.02,2018-04-03 20:42:35
CLUB,0.02,2018-04-03 20:42:35
COVAL,200.0,2018-04-03 20:42:35
CPC,0.2,2018-04-03 20:42:35
CRB,8.0,2018-04-03 20:42:35
CRW,0.02,2018-04-03 20:42:35
CRYPT,0.02,2018-04-03 20:42:35
CURE,0.0002,2018-04-03 20:42:35
CVC,8.0,2018-04-03 20:42:35
DAR,0.1,2018-04-03 20:42:35
DASH,0.002,2018-04-03 20:42:35
DCR,0.1,2018-04-03 20:42:35
DCT,0.1,2018-04-03 20:42:35
DGB,0.2,2018-04-03 20:42:35
DGC,0.2,2018-04-03 20:42:35
DGD,0.038,2018-04-03 20:42:35
DMD,0.002,2018-04-03 20:42:35
DMT,1.0,2018-04-03 20:42:35
DNT,29.0,2018-04-03 20:42:35
DOGE,2.0,2018-04-03 20:42:35
DOPE,0.002,2018-04-03 20:42:35
DTB,5.0,2018-04-03 20:42:35
DTC,0.2,2018-04-03 20:42:35
DYN,0.02,2018-04-03 20:42:35
EBST,0.1,2018-04-03 20:42:35
EDG,3.5,2018-04-03 20:42:35
EFL,0.2,2018-04-03 20:42:35
EGC,0.2,2018-04-03 20:42:35
EMC,0.02,2018-04-03 20:42:35
EMC2,0.2,2018-04-03 20:42:35
ENG,1.0,2018-04-03 20:42:35
ENRG,0.2,2018-04-03 20:42:35
ERC,0.2,2018-04-03 20:42:35
ETC,0.01,2018-04-03 20:42:35
ETH,0.006,2018-04-03 20:42:35
EXCL,0.2,2018-04-03 20:42:35
EXP,0.01,2018-04-03 20:42:35
FAIR,0.02,2018-04-03 20:42:35
FC2,0.02,2018-04-03 20:42:35
FCT,0.01,2018-04-03 20:42:35
FLDC,150.0,2018-04-03 20:42:35
FLO,0.2,2018-04-03 20:42:35
FRK,0.002,2018-04-03 20:42:35
FTC,0.2,2018-04-03 20:42:35
FUN,49.0,2018-04-03 20:42:35
GAM,0.3,2018-04-03 20:42:35
GAME,0.2,2018-04-03 20:42:35
GBG,0.01,2018-04-03 20:42:35
GBYTE,0.002,2018-04-03 20:42:35
GCR,0.02,2018-04-03 20:42:35
GEO,0.1,2018-04-03 20:42:35
GLD,0.0002,2018-04-03 20:42:35
GNO,0.02,2018-04-03 20:42:35
GNT,9.0,2018-04-03 20:42:35
GOLOS,0.01,2018-04-03 20:42:35
GP,0.2,2018-04-03 20:42:35
GRC,0.2,2018-04-03 20:42:35
GRS,0.2,2018-04-03 20:42:35
GRT,20.0,2018-04-03 20:42:35
GUP,7.0,2018-04-03 20:42:35
HMQ,16.0,2018-04-03 20:42:35
HYPER,0.02,2018-04-03 20:42:35
IGNIS,2.0,2018-04-03 20:42:35
INCNT,0.1,2018-04-03 20:42:35
INFX,0.1,2018-04-03 20:42:35
IOC,0.2,2018-04-03 20:42:35
ION,0.2,2018-04-03 20:42:35
IOP,0.2,2018-04-03 20:42:35
J,0.02,2018-04-03 20:42:35
KMD,0.002,2018-04-03 20:42:35
KORE,0.02,2018-04-03 20:42:35
LBC,0.02,2018-04-03 20:42:35
LGD,4.0,2018-04-03 20:42:35
LMC,0.2,2018-04-03 20:42:35
LRC,1.0,2018-04-03 20:42:35
LSK,0.1,2018-04-03 20:42:35
LTC,0.01,2018-04-03 20:42:35
LUN,0.15,2018-04-03 20:42:35
MAID,2.0,2018-04-03 20:42:35
MANA,36.0,2018-04-03 20:42:35
MAX,0.2,2018-04-03 20:42:35
MCO,0.5,2018-04-03 20:42:35
MEC,1.0,2018-04-03 20:42:35
MEME,0.02,2018-04-03 20:42:35
MER,0.1,2018-04-03 20:42:35
METAL,20.0,2018-04-03 20:42:35
MLN,0.035,2018-04-03 20:42:35
MND,1.0,2018-04-03 20:42:35
MONA,0.2,2018-04-03 20:42:35
MTL,1.35,2018-04-03 20:42:35
MUE,0.02,2018-04-03 20:42:35
MUSIC,0.01,2018-04-03 20:42:35
MYST,2.5,2018-04-03 20:42:35
MZC,0.2,2018-04-03 20:42:35
NAV,0.2,2018-04-03 20:42:35
NEO,0.025,2018-04-03 20:42:35
NEOS,0.02,2018-04-03 20:42:35
NET,0.2,2018-04-03 20:42:35
NEU,0.02,2018-04-03 20:42:35
NLG,0.2,2018-04-03 20:42:35
NMR,0.15,2018-04-03 20:42:35
NTRN,0.02,2018-04-03 20:42:35
NXC,13.0,2018-04-03 20:42:35
NXS,0.2,2018-04-03 20:42:35
NXT,2.0,2018-04-03 20:42:35
OC,0.2,2018-04-03 20:42:35
OK,0.2,2018-04-03 20:42:35
OMG,0.35,2018-04-03 20:42:35
OMNI,0.1,2018-04-03 20:42:35
ORB,0.2,2018-04-03 20:42:35
PART,0.1,2018-04-03 20:42:35
PAY,2.0,2018-04-03 20:42:35
PDC,5.0,2018-04-03 20:42:35
PINK,0.2,2018-04-03 20:42:35
PIVX,0.02,2018-04-03 20:42:35
PKB,0.02,2018-04-03 20:42:35
POT,0.002,2018-04-03 20:42:35
POWR,5.0,2018-04-03 20:42:35
PPC,0.02,2018-04-03 20:42:35
PTC,0.002,2018-04-03 20:42:35
PTOY,14.0,2018-04-03 20:42:35
PXI,0.2,2018-04-03 20:42:35
QRL,2.5,2018-04-03 20:42:35
QTUM,0.01,2018-04-03 20:42:35
QWARK,0.1,2018-04-03 20:42:35
RADS,0.2,2018-04-03 20:42:35
RBY,0.02,2018-04-03 20:42:35
RCN,16.0,2018-04-03 20:42:35
RDD,2.0,2018-04-03 20:42:35
REP,0.1,2018-04-03 20:42:35
RISE,0.1,2018-04-03 20:42:35
RLC,3.5,2018-04-03 20:42:35
RVR,0.1,2018-04-03 20:42:35
SAFEX,100.0,2018-04-03 20:42:35
SALT,0.6,2018-04-03 20:42:35
SBD,0.01,2018-04-03 20:42:35
SC,0.1,2018-04-03 20:42:35
SCRT,1.0,2018-04-03 20:42:35
SEQ,0.2,2018-04-03 20:42:35
SHIFT,0.01,2018-04-03 20:42:35
SIB,0.2,2018-04-03 20:42:35
SLG,0.2,2018-04-03 20:42:35
SLING,0.002,2018-04-03 20:42:35
SLR,0.2,2018-04-03 20:42:35
SLS,0.002,2018-04-03 20:42:35
SNGLS,3.5,2018-04-03 20:42:35
SNRG,0.002,2018-04-03 20:42:35
SNT,20.0,2018-04-03 20:42:35
SOON,0.2,2018-04-03 20:42:35
SPHR,0.002,2018-04-03 20:42:35
SPR,0.2,2018-04-03 20:42:35
SPRTS,1.0,2018-04-03 20:42:35
SRN,1.0,2018-04-03 20:42:35
START,0.02,2018-04-03 20:42:35
STEEM,0.01,2018-04-03 20:42:35
STEPS,0.2,2018-04-03 20:42:35
STORJ,3.0,2018-04-03 20:42:35
STRAT,0.2,2018-04-03 20:42:35
STV,0.2,2018-04-03 20:42:35
SWIFT,2.0,2018-04-03 20:42:35
SWING,0.1,2018-04-03 20:42:35
SWT,1.8,2018-04-03 20:42:35
SYNX,0.2,2018-04-03 20:42:35
SYS,0.0002,2018-04-03 20:42:35
TES,0.2,2018-04-03 20:42:35
THC,0.2,2018-04-03 20:42:35
TIME,0.2,2018-04-03 20:42:35
TIT,0.2,2018-04-03 20:42:35
TIX,5.0,2018-04-03 20:42:35
TKN,0.4,2018-04-03 20:42:35
TKS,0.1,2018-04-03 20:42:35
TRI,0.0002,2018-04-03 20:42:35
TRIG,5.0,2018-04-03 20:42:35
TRK,0.02,2018-04-03 20:42:35
TROLL,0.001,2018-04-03 20:42:35
TRST,7.0,2018-04-03 20:42:35
TRUST,0.02,2018-04-03 20:42:35
TRX,1.0,2018-04-03 20:42:35
TUSD,1.0,2018-04-03 20:42:35
TX,0.02,2018-04-03 20:42:35
UBQ,0.01,2018-04-03 20:42:35
UFO,0.2,2018-04-03 20:42:35
UKG,5.0,2018-04-03 20:42:35
UNB,0.2,2018-04-03 20:42:35
UNIT,2.0,2018-04-03 20:42:35
UNO,0.0002,2018-04-03 20:42:35
UP,1.0,2018-04-03 20:42:35
USDT,25.0,2018-04-03 20:42:35
UTC,0.02,2018-04-03 20:42:35
VEE,1.0,2018-04-03 20:42:35
VIA,0.2,2018-04-03 20:42:35
VIB,13.0,2018-04-03 20:42:35
VOX,0.1,2018-04-03 20:42:35
VRC,0.0002,2018-04-03 20:42:35
VRM,0.4,2018-04-03 20:42:35
VTC,0.02,2018-04-03 20:42:35
VTR,0.02,2018-04-03 20:42:35
WARP,0.02,2018-04-03 20:42:35
WAVES,0.001,2018-04-03 20:42:35
WAX,1.0,2018-04-03 20:42:35
WINGS,4.0,2018-04-03 20:42:35
XAUR,2.5,2018-04-03 20:42:35
XCO,0.02,2018-04-03 20:42:35
XCP,0.2,2018-04-03 20:42:35
XDN,0.01,2018-04-03 20:42:35
XEL,0.2,2018-04-03 20:42:35
XEM,4.0,2018-04-03 20:42:35
XLM,0.01,2018-04-03 20:42:35
XMG,0.0002,2018-04-03 20:42:35
XMR,0.04,2018-04-03 20:42:35
XMY,0.2,2018-04-03 20:42:35
XPY,0.002,2018-04-03 20:42:35
XQN,0.02,2018-04-03 20:42:35
XRP,1.0,2018-04-03 20:42:35
XST,0.02,2018-04-03 20:42:35
XVC,0.002,2018-04-03 20:42:35
XVG,0.2,2018-04-03 20:42:35
XWC,0.2,2018-04-03 20:42:35
XZC,0.02,2018-04-03 20:42:35
ZCL,0.002,2018-04-03 20:42:35
ZEC,0.005,2018-04-03 20:42:35
ZEN,0.002,2018-04-03 20:42:35
ZRX,1.0,2018-04-03 20:42:35
1ST,4.5,2018-04-06 10:56:56
2GIVE,0.01,2018-04-06 10:56:56
8BIT,0.002,2018-04-06 10:56:56
ABY,0.2,2018-04-06 10:56:56
ADA,0.2,2018-04-06 10:56:56
ADC,2.0,2018-04-06 10:56:56
ADT,43.0,2018-04-06 10:56:56
ADX,3.0,2018-04-06 10:56:56
AEON,0.1,2018-04-06 10:56:56
AGRS,5.0,2018-04-06 10:56:56
AMP,5.0,2018-04-06 10:56:56
AMS,1.0,2018-04-06 10:56:56
ANT,1.3,2018-04-06 10:56:56
APX,0.1,2018-04-06 10:56:56
ARB,0.02,2018-04-06 10:56:56
ARDR,2.0,2018-04-06 10:56:56
ARK,0.1,2018-04-06 10:56:56
AUR,0.002,2018-04-06 10:56:56
BAT,10.0,2018-04-06 10:56:56
BAY,0.2,2018-04-06 10:56:56
BCH,0.001,2018-04-06 10:56:56
BCPT,1.0,2018-04-06 10:56:56
BCY,5.0,2018-04-06 10:56:56
BITB,0.2,2018-04-06 10:56:56
BITCNY,1.5,2018-04-06 10:56:56
BITS,0.002,2018-04-06 10:56:56
BITZ,0.02,2018-04-06 10:56:56
BLC,0.2,2018-04-06 10:56:56
BLITZ,0.02,2018-04-06 10:56:56
BLK,0.02,2018-04-06 10:56:56
BLOCK,0.02,2018-04-06 10:56:56
BNT,0.85,2018-04-06 10:56:56
BRK,0.02,2018-04-06 10:56:56
BRX,0.02,2018-04-06 10:56:56
BSD,0.002,2018-04-06 10:56:56
BSTY,0.2,2018-04-06 10:56:56
BTA,1.0,2018-04-06 10:56:56
BTC,0.0005,2018-04-06 10:56:56
BTCD,0.02,2018-04-06 10:56:56
BTCP,0.01,2018-04-06 10:56:56
BTG,0.001,2018-04-06 10:56:56
BTS,5.0,2018-04-06 10:56:56
BURST,2.0,2018-04-06 10:56:56
BYC,0.02,2018-04-06 10:56:56
CANN,0.2,2018-04-06 10:56:56
CCN,0.02,2018-04-06 10:56:56
CFI,27.0,2018-04-06 10:56:56
CLAM,0.2,2018-04-06 10:56:56
CLOAK,0.02,2018-04-06 10:56:56
CLUB,0.02,2018-04-06 10:56:56
COVAL,200.0,2018-04-06 10:56:56
CPC,0.2,2018-04-06 10:56:56
CRB,8.0,2018-04-06 10:56:56
CRW,0.02,2018-04-06 10:56:56
CRYPT,0.02,2018-04-06 10:56:56
CURE,0.0002,2018-04-06 10:56:56
CVC,8.0,2018-04-06 10:56:56
DAR,0.1,2018-04-06 10:56:56
DASH,0.002,2018-04-06 10:56:56
DCR,0.1,2018-04-06 10:56:56
DCT,0.1,2018-04-06 10:56:56
DGB,0.2,2018-04-06 10:56:56
DGC,0.2,2018-04-06 10:56:56
DGD,0.038,2018-04-06 10:56:56
DMD,0.002,2018-04-06 10:56:56
DMT,1.0,2018-04-06 10:56:56
DNT,29.0,2018-04-06 10:56:56
DOGE,2.0,2018-04-06 10:56:56
DOPE,0.002,2018-04-06 10:56:56
DTB,5.0,2018-04-06 10:56:56
DTC,0.2,2018-04-06 10:56:56
DYN,0.02,2018-04-06 10:56:56
EBST,0.1,2018-04-06 10:56:56
EDG,3.5,2018-04-06 10:56:56
EFL,0.2,2018-04-06 10:56:56
EGC,0.2,2018-04-06 10:56:56
EMC,0.02,2018-04-06 10:56:56
EMC2,0.2,2018-04-06 10:56:56
ENG,1.0,2018-04-06 10:56:56
ENRG,0.2,2018-04-06 10:56:56
ERC,0.2,2018-04-06 10:56:56
ETC,0.01,2018-04-06 10:56:56
ETH,0.006,2018-04-06 10:56:56
EXCL,0.2,2018-04-06 10:56:56
EXP,0.01,2018-04-06 10:56:56
FAIR,0.02,2018-04-06 10:56:56
FC2,0.02,2018-04-06 10:56:56
FCT,0.01,2018-04-06 10:56:56
FLDC,150.0,2018-04-06 10:56:56
FLO,0.2,2018-04-06 10:56:56
FRK,0.002,2018-04-06 10:56:56
FTC,0.2,2018-04-06 10:56:56
FUN,49.0,2018-04-06 10:56:56
GAM,0.3,2018-04-06 10:56:56
GAME,0.2,2018-04-06 10:56:56
GBG,0.01,2018-04-06 10:56:56
GBYTE,0.002,2018-04-06 10:56:56
GCR,0.02,2018-04-06 10:56:56
GEO,0.1,2018-04-06 10:56:56
GLD,0.0002,2018-04-06 10:56:56
GNO,0.02,2018-04-06 10:56:56
GNT,9.0,2018-04-06 10:56:56
GOLOS,0.01,2018-04-06 10:56:56
GP,0.2,2018-04-06 10:56:56
GRC,0.2,2018-04-06 10:56:56
GRS,0.2,2018-04-06 10:56:56
GRT,20.0,2018-04-06 10:56:56
GUP,7.0,2018-04-06 10:56:56
HMQ,16.0,2018-04-06 10:56:56
HYPER,0.02,2018-04-06 10:56:56
IGNIS,2.0,2018-04-06 10:56:56
INCNT,0.1,2018-04-06 10:56:56
INFX,0.1,2018-04-06 10:56:56
IOC,0.2,2018-04-06 10:56:56
ION,0.2,2018-04-06 10:56:56
IOP,0.2,2018-04-06 10:56:56
J,0.02,2018-04-06 10:56:56
KMD,0.002,2018-04-06 10:56:56
KORE,0.02,2018-04-06 10:56:56
LBC,0.02,2018-04-06 10:56:56
LGD,4.0,2018-04-06 10:56:56
LMC,0.2,2018-04-06 10:56:56
LRC,1.0,2018-04-06 10:56:56
LSK,0.1,2018-04-06 10:56:56
LTC,0.01,2018-04-06 10:56:56
LUN,0.15,2018-04-06 10:56:56
MAID,2.0,2018-04-06 10:56:56
MANA,36.0,2018-04-06 10:56:56
MAX,0.2,2018-04-06 10:56:56
MCO,0.5,2018-04-06 10:56:56
MEC,1.0,2018-04-06 10:56:56
MEME,0.02,2018-04-06 10:56:56
MER,0.1,2018-04-06 10:56:56
METAL,20.0,2018-04-06 10:56:56
MLN,0.035,2018-04-06 10:56:56
MND,1.0,2018-04-06 10:56:56
MONA,0.2,2018-04-06 10:56:56
MTL,1.35,2018-04-06 10:56:56
MUE,0.02,2018-04-06 10:56:56
MUSIC,0.01,2018-04-06 10:56:56
MYST,2.5,2018-04-06 10:56:56
MZC,0.2,2018-04-06 10:56:56
NAV,0.2,2018-04-06 10:56:56
NEO,0.025,2018-04-06 10:56:56
NEOS,0.02,2018-04-06 10:56:56
NET,0.2,2018-04-06 10:56:56
NEU,0.02,2018-04-06 10:56:56
NLG,0.2,2018-04-06 10:56:56
NMR,0.15,2018-04-06 10:56:56
NTRN,0.02,2018-04-06 10:56:56
NXC,13.0,2018-04-06 10:56:56
NXS,0.2,2018-04-06 10:56:56
NXT,2.0,2018-04-06 10:56:56
OC,0.2,2018-04-06 10:56:56
OK,0.2,2018-04-06 10:56:56
OMG,0.35,2018-04-06 10:56:56
OMNI,0.1,2018-04-06 10:56:56
ORB,0.2,2018-04-06 10:56:56
PART,0.1,2018-04-06 10:56:56
PAY,2.0,2018-04-06 10:56:56
PDC,5.0,2018-04-06 10:56:56
PINK,0.2,2018-04-06 10:56:56
PIVX,0.02,2018-04-06 10:56:56
PKB,0.02,2018-04-06 10:56:56
POT,0.002,2018-04-06 10:56:56
POWR,5.0,2018-04-06 10:56:56
PPC,0.02,2018-04-06 10:56:56
PTC,0.002,2018-04-06 10:56:56
PTOY,14.0,2018-04-06 10:56:56
PXI,0.2,2018-04-06 10:56:56
QRL,2.5,2018-04-06 10:56:56
QTUM,0.01,2018-04-06 10:56:56
QWARK,0.1,2018-04-06 10:56:56
RADS,0.2,2018-04-06 10:56:56
RBY,0.02,2018-04-06 10:56:56
RCN,16.0,2018-04-06 10:56:56
RDD,2.0,2018-04-06 10:56:56
REP,0.1,2018-04-06 10:56:56
RISE,0.1,2018-04-06 10:56:56
RLC,3.5,2018-04-06 10:56:56
RVR,0.1,2018-04-06 10:56:56
SAFEX,100.0,2018-04-06 10:56:56
SALT,0.6,2018-04-06 10:56:56
SBD,0.01,2018-04-06 10:56:56
SC,0.1,2018-04-06 10:56:56
SCRT,1.0,2018-04-06 10:56:56
SEQ,0.2,2018-04-06 10:56:56
SHIFT,0.01,2018-04-06 10:56:56
SIB,0.2,2018-04-06 10:56:56
SLG,0.2,2018-04-06 10:56:56
SLING,0.002,2018-04-06 10:56:56
SLR,0.2,2018-04-06 10:56:56
SLS,0.002,2018-04-06 10:56:56
SNGLS,3.5,2018-04-06 10:56:56
SNRG,0.002,2018-04-06 10:56:56
SNT,20.0,2018-04-06 10:56:56
SOON,0.2,2018-04-06 10:56:56
SPHR,0.002,2018-04-06 10:56:56
SPR,0.2,2018-04-06 10:56:56
SPRTS,1.0,2018-04-06 10:56:56
SRN,1.0,2018-04-06 10:56:56
START,0.02,2018-04-06 10:56:56
STEEM,0.01,2018-04-06 10:56:56
STEPS,0.2,2018-04-06 10:56:56
STORJ,3.0,2018-04-06 10:56:56
STRAT,0.2,2018-04-06 10:56:56
STV,0.2,2018-04-06 10:56:56
SWIFT,2.0,2018-04-06 10:56:56
SWING,0.1,2018-04-06 10:56:56
SWT,1.8,2018-04-06 10:56:56
SYNX,0.2,2018-04-06 10:56:56
SYS,0.0002,2018-04-06 10:56:56
TES,0.2,2018-04-06 10:56:56
THC,0.2,2018-04-06 10:56:56
TIME,0.2,2018-04-06 10:56:56
TIT,0.2,2018-04-06 10:56:56
TIX,5.0,2018-04-06 10:56:56
TKN,0.4,2018-04-06 10:56:56
TKS,0.1,2018-04-06 10:56:56
TRI,0.0002,2018-04-06 10:56:56
TRIG,5.0,2018-04-06 10:56:56
TRK,0.02,2018-04-06 10:56:56
TROLL,0.001,2018-04-06 10:56:56
TRST,7.0,2018-04-06 10:56:56
TRUST,0.02,2018-04-06 10:56:56
TRX,1.0,2018-04-06 10:56:56
TUSD,1.0,2018-04-06 10:56:56
TX,0.02,2018-04-06 10:56:56
UBQ,0.01,2018-04-06 10:56:56
UFO,0.2,2018-04-06 10:56:56
UKG,5.0,2018-04-06 10:56:56
UNB,0.2,2018-04-06 10:56:56
UNIT,2.0,2018-04-06 10:56:56
UNO,0.0002,2018-04-06 10:56:56
UP,1.0,2018-04-06 10:56:56
USDT,25.0,2018-04-06 10:56:56
UTC,0.02,2018-04-06 10:56:56
VEE,1.0,2018-04-06 10:56:56
VIA,0.2,2018-04-06 10:56:56
VIB,13.0,2018-04-06 10:56:56
VOX,0.1,2018-04-06 10:56:56
VRC,0.0002,2018-04-06 10:56:56
VRM,0.4,2018-04-06 10:56:56
VTC,0.02,2018-04-06 10:56:56
VTR,0.02,2018-04-06 10:56:56
WARP,0.02,2018-04-06 10:56:56
WAVES,0.001,2018-04-06 10:56:56
WAX,1.0,2018-04-06 10:56:56
WINGS,4.0,2018-04-06 10:56:56
XAUR,2.5,2018-04-06 10:56:56
XCO,0.02,2018-04-06 10:56:56
XCP,0.2,2018-04-06 10:56:56
XDN,0.01,2018-04-06 10:56:56
XEL,0.2,2018-04-06 10:56:56
XEM,4.0,2018-04-06 10:56:56
XLM,0.01,2018-04-06 10:56:56
XMG,0.0002,2018-04-06 10:56:56
XMR,0.04,2018-04-06 10:56:56
XMY,0.2,2018-04-06 10:56:56
XPY,0.002,2018-04-06 10:56:56
XQN,0.02,2018-04-06 10:56:56
XRP,1.0,2018-04-06 10:56:56
XST,0.02,2018-04-06 10:56:56
XVC,0.002,2018-04-06 10:56:56
XVG,0.2,2018-04-06 10:56:56
XWC,0.2,2018-04-06 10:56:56
XZC,0.02,2018-04-06 10:56:56
ZCL,0.002,2018-04-06 10:56:56
ZEC,0.005,2018-04-06 10:56:56
ZEN,0.002,2018-04-06 10:56:56
ZRX,1.0,2018-04-06 10:56:56
1ST,4.5,2018-04-09 15:17:25
2GIVE,0.01,2018-04-09 15:17:25
8BIT,0.002,2018-04-09 15:17:25
ABY,0.2,2018-04-09 15:17:25
ADA,0.2,2018-04-09 15:17:25
ADC,2.0,2018-04-09 15:17:25
ADT,43.0,2018-04-09 15:17:25
ADX,3.0,2018-04-09 15:17:25
AEON,0.1,2018-04-09 15:17:25
AGRS,5.0,2018-04-09 15:17:25
AMP,5.0,2018-04-09 15:17:25
AMS,1.0,2018-04-09 15:17:25
ANT,1.3,2018-04-09 15:17:25
APX,0.1,2018-04-09 15:17:25
ARB,0.02,2018-04-09 15:17:25
ARDR,2.0,2018-04-09 15:17:25
ARK,0.1,2018-04-09 15:17:25
AUR,0.002,2018-04-09 15:17:25
BAT,10.0,2018-04-09 15:17:25
BAY,0.2,2018-04-09 15:17:25
BCH,0.001,2018-04-09 15:17:25
BCPT,1.0,2018-04-09 15:17:25
BCY,5.0,2018-04-09 15:17:25
BITB,0.2,2018-04-09 15:17:25
BITCNY,1.5,2018-04-09 15:17:25
BITS,0.002,2018-04-09 15:17:25
BITZ,0.02,2018-04-09 15:17:25
BLC,0.2,2018-04-09 15:17:25
BLITZ,0.02,2018-04-09 15:17:25
BLK,0.02,2018-04-09 15:17:25
BLOCK,0.02,2018-04-09 15:17:25
BNT,0.85,2018-04-09 15:17:25
BRK,0.02,2018-04-09 15:17:25
BRX,0.02,2018-04-09 15:17:25
BSD,0.002,2018-04-09 15:17:25
BSTY,0.2,2018-04-09 15:17:25
BTA,1.0,2018-04-09 15:17:25
BTC,0.0005,2018-04-09 15:17:25
BTCD,0.02,2018-04-09 15:17:25
BTCP,0.01,2018-04-09 15:17:25
BTG,0.001,2018-04-09 15:17:25
BTS,5.0,2018-04-09 15:17:25
BURST,2.0,2018-04-09 15:17:25
BYC,0.02,2018-04-09 15:17:25
CANN,0.2,2018-04-09 15:17:25
CCN,0.02,2018-04-09 15:17:25
CFI,27.0,2018-04-09 15:17:25
CLAM,0.2,2018-04-09 15:17:25
CLOAK,0.02,2018-04-09 15:17:25
CLUB,0.02,2018-04-09 15:17:25
COVAL,200.0,2018-04-09 15:17:25
CPC,0.2,2018-04-09 15:17:25
CRB,8.0,2018-04-09 15:17:25
CRW,0.02,2018-04-09 15:17:25
CRYPT,0.02,2018-04-09 15:17:25
CURE,0.0002,2018-04-09 15:17:25
CVC,8.0,2018-04-09 15:17:25
DAR,0.1,2018-04-09 15:17:25
DASH,0.002,2018-04-09 15:17:25
DCR,0.1,2018-04-09 15:17:25
DCT,0.1,2018-04-09 15:17:25
DGB,0.2,2018-04-09 15:17:25
DGC,0.2,2018-04-09 15:17:25
DGD,0.038,2018-04-09 15:17:25
DMD,0.002,2018-04-09 15:17:25
DMT,1.0,2018-04-09 15:17:25
DNT,29.0,2018-04-09 15:17:25
DOGE,2.0,2018-04-09 15:17:25
DOPE,0.002,2018-04-09 15:17:25
DTB,5.0,2018-04-09 15:17:25
DTC,0.2,2018-04-09 15:17:25
DYN,0.02,2018-04-09 15:17:25
EBST,0.1,2018-04-09 15:17:25
EDG,3.5,2018-04-09 15:17:25
EFL,0.2,2018-04-09 15:17:25
EGC,0.2,2018-04-09 15:17:25
EMC,0.02,2018-04-09 15:17:25
EMC2,0.2,2018-04-09 15:17:25
ENG,1.0,2018-04-09 15:17:25
ENRG,0.2,2018-04-09 15:17:25
ERC,0.2,2018-04-09 15:17:25
ETC,0.01,2018-04-09 15:17:25
ETH,0.006,2018-04-09 15:17:25
EXCL,0.2,2018-04-09 15:17:25
EXP,0.01,2018-04-09 15:17:25
FAIR,0.02,2018-04-09 15:17:25
FC2,0.02,2018-04-09 15:17:25
FCT,0.01,2018-04-09 15:17:25
FLDC,150.0,2018-04-09 15:17:25
FLO,0.2,2018-04-09 15:17:25
FRK,0.002,2018-04-09 15:17:25
FTC,0.2,2018-04-09 15:17:25
FUN,49.0,2018-04-09 15:17:25
GAM,0.3,2018-04-09 15:17:25
GAME,0.2,2018-04-09 15:17:25
GBG,0.01,2018-04-09 15:17:25
GBYTE,0.002,2018-04-09 15:17:25
GCR,0.02,2018-04-09 15:17:25
GEO,0.1,2018-04-09 15:17:25
GLD,0.0002,2018-04-09 15:17:25
GNO,0.02,2018-04-09 15:17:25
GNT,9.0,2018-04-09 15:17:25
GOLOS,0.01,2018-04-09 15:17:25
GP,0.2,2018-04-09 15:17:25
GRC,0.2,2018-04-09 15:17:25
GRS,0.2,2018-04-09 15:17:25
GRT,20.0,2018-04-09 15:17:25
GUP,7.0,2018-04-09 15:17:25
HMQ,16.0,2018-04-09 15:17:25
HYPER,0.02,2018-04-09 15:17:25
IGNIS,2.0,2018-04-09 15:17:25
INCNT,0.1,2018-04-09 15:17:25
INFX,0.1,2018-04-09 15:17:25
IOC,0.2,2018-04-09 15:17:25
ION,0.2,2018-04-09 15:17:25
IOP,0.2,2018-04-09 15:17:25
J,0.02,2018-04-09 15:17:25
KMD,0.002,2018-04-09 15:17:25
KORE,0.02,2018-04-09 15:17:25
LBC,0.02,2018-04-09 15:17:25
LGD,4.0,2018-04-09 15:17:25
LMC,0.2,2018-04-09 15:17:25
LRC,1.0,2018-04-09 15:17:25
LSK,0.1,2018-04-09 15:17:25
LTC,0.01,2018-04-09 15:17:25
LUN,0.15,2018-04-09 15:17:25
MAID,2.0,2018-04-09 15:17:25
MANA,36.0,2018-04-09 15:17:25
MAX,0.2,2018-04-09 15:17:25
MCO,0.5,2018-04-09 15:17:25
MEC,1.0,2018-04-09 15:17:25
MEME,0.02,2018-04-09 15:17:25
MER,0.1,2018-04-09 15:17:25
METAL,20.0,2018-04-09 15:17:25
MLN,0.035,2018-04-09 15:17:25
MND,1.0,2018-04-09 15:17:25
MONA,0.2,2018-04-09 15:17:25
MTL,1.35,2018-04-09 15:17:25
MUE,0.02,2018-04-09 15:17:25
MUSIC,0.01,2018-04-09 15:17:25
MYST,2.5,2018-04-09 15:17:25
MZC,0.2,2018-04-09 15:17:25
NAV,0.2,2018-04-09 15:17:25
NEO,0.025,2018-04-09 15:17:25
NEOS,0.02,2018-04-09 15:17:25
NET,0.2,2018-04-09 15:17:25
NEU,0.02,2018-04-09 15:17:25
NLG,0.2,2018-04-09 15:17:25
NMR,0.15,2018-04-09 15:17:25
NTRN,0.02,2018-04-09 15:17:25
NXC,13.0,2018-04-09 15:17:25
NXS,0.2,2018-04-09 15:17:25
NXT,2.0,2018-04-09 15:17:25
OC,0.2,2018-04-09 15:17:25
OK,0.2,2018-04-09 15:17:25
OMG,0.35,2018-04-09 15:17:25
OMNI,0.1,2018-04-09 15:17:25
ORB,0.2,2018-04-09 15:17:25
PART,0.1,2018-04-09 15:17:25
PAY,2.0,2018-04-09 15:17:25
PDC,5.0,2018-04-09 15:17:25
PINK,0.2,2018-04-09 15:17:25
PIVX,0.02,2018-04-09 15:17:25
PKB,0.02,2018-04-09 15:17:25
POT,0.002,2018-04-09 15:17:25
POWR,5.0,2018-04-09 15:17:25
PPC,0.02,2018-04-09 15:17:25
PTC,0.002,2018-04-09 15:17:25
PTOY,14.0,2018-04-09 15:17:25
PXI,0.2,2018-04-09 15:17:25
QRL,2.5,2018-04-09 15:17:25
QTUM,0.01,2018-04-09 15:17:25
QWARK,0.1,2018-04-09 15:17:25
RADS,0.2,2018-04-09 15:17:25
RBY,0.02,2018-04-09 15:17:25
RCN,16.0,2018-04-09 15:17:25
RDD,2.0,2018-04-09 15:17:25
REP,0.1,2018-04-09 15:17:25
RISE,0.1,2018-04-09 15:17:25
RLC,3.5,2018-04-09 15:17:25
RVR,0.1,2018-04-09 15:17:25
SAFEX,100.0,2018-04-09 15:17:25
SALT,0.6,2018-04-09 15:17:25
SBD,0.01,2018-04-09 15:17:25
SC,0.1,2018-04-09 15:17:25
SCRT,1.0,2018-04-09 15:17:25
SEQ,0.2,2018-04-09 15:17:25
SHIFT,0.01,2018-04-09 15:17:25
SIB,0.2,2018-04-09 15:17:25
SLG,0.2,2018-04-09 15:17:25
SLING,0.002,2018-04-09 15:17:25
SLR,0.2,2018-04-09 15:17:25
SLS,0.002,2018-04-09 15:17:25
SNGLS,3.5,2018-04-09 15:17:25
SNRG,0.002,2018-04-09 15:17:25
SNT,20.0,2018-04-09 15:17:25
SOON,0.2,2018-04-09 15:17:25
SPHR,0.002,2018-04-09 15:17:25
SPR,0.2,2018-04-09 15:17:25
SPRTS,1.0,2018-04-09 15:17:25
SRN,1.0,2018-04-09 15:17:25
START,0.02,2018-04-09 15:17:25
STEEM,0.01,2018-04-09 15:17:25
STEPS,0.2,2018-04-09 15:17:25
STORJ,3.0,2018-04-09 15:17:25
STRAT,0.2,2018-04-09 15:17:25
STV,0.2,2018-04-09 15:17:25
SWIFT,2.0,2018-04-09 15:17:25
SWING,0.1,2018-04-09 15:17:25
SWT,1.8,2018-04-09 15:17:25
SYNX,0.2,2018-04-09 15:17:25
SYS,0.0002,2018-04-09 15:17:25
TES,0.2,2018-04-09 15:17:25
THC,0.2,2018-04-09 15:17:25
TIME,0.2,2018-04-09 15:17:25
TIT,0.2,2018-04-09 15:17:25
TIX,5.0,2018-04-09 15:17:25
TKN,0.4,2018-04-09 15:17:25
TKS,0.1,2018-04-09 15:17:25
TRI,0.0002,2018-04-09 15:17:25
TRIG,5.0,2018-04-09 15:17:25
TRK,0.02,2018-04-09 15:17:25
TROLL,0.001,2018-04-09 15:17:25
TRST,7.0,2018-04-09 15:17:25
TRUST,0.02,2018-04-09 15:17:25
TRX,1.0,2018-04-09 15:17:25
TUSD,1.0,2018-04-09 15:17:25
TX,0.02,2018-04-09 15:17:25
UBQ,0.01,2018-04-09 15:17:25
UFO,0.2,2018-04-09 15:17:25
UKG,5.0,2018-04-09 15:17:25
UNB,0.2,2018-04-09 15:17:25
UNIT,2.0,2018-04-09 15:17:25
UNO,0.0002,2018-04-09 15:17:25
UP,1.0,2018-04-09 15:17:25
USDT,25.0,2018-04-09 15:17:25
UTC,0.02,2018-04-09 15:17:25
VEE,1.0,2018-04-09 15:17:25
VIA,0.2,2018-04-09 15:17:25
VIB,13.0,2018-04-09 15:17:25
VOX,0.1,2018-04-09 15:17:25
VRC,0.0002,2018-04-09 15:17:25
VRM,0.4,2018-04-09 15:17:25
VTC,0.02,2018-04-09 15:17:25
VTR,0.02,2018-04-09 15:17:25
WARP,0.02,2018-04-09 15:17:25
WAVES,0.001,2018-04-09 15:17:25
WAX,1.0,2018-04-09 15:17:25
WINGS,4.0,2018-04-09 15:17:25
XAUR,2.5,2018-04-09 15:17:25
XCO,0.02,2018-04-09 15:17:25
XCP,0.2,2018-04-09 15:17:25
XDN,0.01,2018-04-09 15:17:25
XEL,0.2,2018-04-09 15:17:25
XEM,4.0,2018-04-09 15:17:25
XLM,0.01,2018-04-09 15:17:25
XMG,0.0002,2018-04-09 15:17:25
XMR,0.04,2018-04-09 15:17:25
XMY,0.2,2018-04-09 15:17:25
XPY,0.002,2018-04-09 15:17:25
XQN,0.02,2018-04-09 15:17:25
XRP,1.0,2018-04-09 15:17:25
XST,0.02,2018-04-09 15:17:25
XVC,0.002,2018-04-09 15:17:25
XVG,0.2,2018-04-09 15:17:25
XWC,0.2,2018-04-09 15:17:25
XZC,0.02,2018-04-09 15:17:25
ZCL,0.002,2018-04-09 15:17:25
ZEC,0.005,2018-04-09 15:17:25
ZEN,0.002,2018-04-09 15:17:25
ZRX,1.0,2018-04-09 15:17:25
1ST,4.5,2018-04-10 17:15:38
2GIVE,0.01,2018-04-10 17:15:38
8BIT,0.002,2018-04-10 17:15:38
ABY,0.2,2018-04-10 17:15:38
ADA,0.2,2018-04-10 17:15:38
ADC,2.0,2018-04-10 17:15:38
ADT,43.0,2018-04-10 17:15:38
ADX,3.0,2018-04-10 17:15:38
AEON,0.1,2018-04-10 17:15:38
AGRS,5.0,2018-04-10 17:15:38
AMP,5.0,2018-04-10 17:15:38
AMS,1.0,2018-04-10 17:15:38
ANT,1.3,2018-04-10 17:15:38
APX,0.1,2018-04-10 17:15:38
ARB,0.02,2018-04-10 17:15:38
ARDR,2.0,2018-04-10 17:15:38
ARK,0.1,2018-04-10 17:15:38
AUR,0.002,2018-04-10 17:15:38
BAT,10.0,2018-04-10 17:15:38
BAY,0.2,2018-04-10 17:15:38
BCH,0.001,2018-04-10 17:15:38
BCPT,1.0,2018-04-10 17:15:38
BCY,5.0,2018-04-10 17:15:38
BITB,0.2,2018-04-10 17:15:38
BITCNY,1.5,2018-04-10 17:15:38
BITS,0.002,2018-04-10 17:15:38
BITZ,0.02,2018-04-10 17:15:38
BLC,0.2,2018-04-10 17:15:38
BLITZ,0.02,2018-04-10 17:15:38
BLK,0.02,2018-04-10 17:15:38
BLOCK,0.02,2018-04-10 17:15:38
BNT,0.85,2018-04-10 17:15:38
BRK,0.02,2018-04-10 17:15:38
BRX,0.02,2018-04-10 17:15:38
BSD,0.002,2018-04-10 17:15:38
BSTY,0.2,2018-04-10 17:15:38
BTA,1.0,2018-04-10 17:15:38
BTC,0.0005,2018-04-10 17:15:38
BTCD,0.02,2018-04-10 17:15:38
BTCP,0.01,2018-04-10 17:15:38
BTG,0.001,2018-04-10 17:15:38
BTS,5.0,2018-04-10 17:15:38
BURST,2.0,2018-04-10 17:15:38
BYC,0.02,2018-04-10 17:15:38
CANN,0.2,2018-04-10 17:15:38
CCN,0.02,2018-04-10 17:15:38
CFI,27.0,2018-04-10 17:15:38
CLAM,0.2,2018-04-10 17:15:38
CLOAK,0.02,2018-04-10 17:15:38
CLUB,0.02,2018-04-10 17:15:38
COVAL,200.0,2018-04-10 17:15:38
CPC,0.2,2018-04-10 17:15:38
CRB,8.0,2018-04-10 17:15:38
CRW,0.02,2018-04-10 17:15:38
CRYPT,0.02,2018-04-10 17:15:38
CURE,0.0002,2018-04-10 17:15:38
CVC,8.0,2018-04-10 17:15:38
DAR,0.1,2018-04-10 17:15:38
DASH,0.002,2018-04-10 17:15:38
DCR,0.1,2018-04-10 17:15:38
DCT,0.1,2018-04-10 17:15:38
DGB,0.2,2018-04-10 17:15:38
DGC,0.2,2018-04-10 17:15:38
DGD,0.038,2018-04-10 17:15:38
DMD,0.002,2018-04-10 17:15:38
DMT,1.0,2018-04-10 17:15:38
DNT,29.0,2018-04-10 17:15:38
DOGE,2.0,2018-04-10 17:15:38
DOPE,0.002,2018-04-10 17:15:38
DTB,5.0,2018-04-10 17:15:38
DTC,0.2,2018-04-10 17:15:38
DYN,0.02,2018-04-10 17:15:38
EBST,0.1,2018-04-10 17:15:38
EDG,3.5,2018-04-10 17:15:38
EFL,0.2,2018-04-10 17:15:38
EGC,0.2,2018-04-10 17:15:38
EMC,0.02,2018-04-10 17:15:38
EMC2,0.2,2018-04-10 17:15:38
ENG,1.0,2018-04-10 17:15:38
ENRG,0.2,2018-04-10 17:15:38
ERC,0.2,2018-04-10 17:15:38
ETC,0.01,2018-04-10 17:15:38
ETH,0.006,2018-04-10 17:15:38
EXCL,0.2,2018-04-10 17:15:38
EXP,0.01,2018-04-10 17:15:38
FAIR,0.02,2018-04-10 17:15:38
FC2,0.02,2018-04-10 17:15:38
FCT,0.01,2018-04-10 17:15:38
FLDC,150.0,2018-04-10 17:15:38
FLO,0.2,2018-04-10 17:15:38
FRK,0.002,2018-04-10 17:15:38
FTC,0.2,2018-04-10 17:15:38
FUN,49.0,2018-04-10 17:15:38
GAM,0.3,2018-04-10 17:15:38
GAME,0.2,2018-04-10 17:15:38
GBG,0.01,2018-04-10 17:15:38
GBYTE,0.002,2018-04-10 17:15:38
GCR,0.02,2018-04-10 17:15:38
GEO,0.1,2018-04-10 17:15:38
GLD,0.0002,2018-04-10 17:15:38
GNO,0.02,2018-04-10 17:15:38
GNT,9.0,2018-04-10 17:15:38
GOLOS,0.01,2018-04-10 17:15:38
GP,0.2,2018-04-10 17:15:38
GRC,0.2,2018-04-10 17:15:38
GRS,0.2,2018-04-10 17:15:38
GRT,20.0,2018-04-10 17:15:38
GUP,7.0,2018-04-10 17:15:38
HMQ,16.0,2018-04-10 17:15:38
HYPER,0.02,2018-04-10 17:15:38
IGNIS,2.0,2018-04-10 17:15:38
INCNT,0.1,2018-04-10 17:15:38
INFX,0.1,2018-04-10 17:15:38
IOC,0.2,2018-04-10 17:15:38
ION,0.2,2018-04-10 17:15:38
IOP,0.2,2018-04-10 17:15:38
J,0.02,2018-04-10 17:15:38
KMD,0.002,2018-04-10 17:15:38
KORE,0.02,2018-04-10 17:15:38
LBC,0.02,2018-04-10 17:15:38
LGD,4.0,2018-04-10 17:15:38
LMC,0.2,2018-04-10 17:15:38
LRC,1.0,2018-04-10 17:15:38
LSK,0.1,2018-04-10 17:15:38
LTC,0.01,2018-04-10 17:15:38
LUN,0.15,2018-04-10 17:15:38
MAID,2.0,2018-04-10 17:15:38
MANA,36.0,2018-04-10 17:15:38
MAX,0.2,2018-04-10 17:15:38
MCO,0.5,2018-04-10 17:15:38
MEC,1.0,2018-04-10 17:15:38
MEME,0.02,2018-04-10 17:15:38
MER,0.1,2018-04-10 17:15:38
METAL,20.0,2018-04-10 17:15:38
MLN,0.035,2018-04-10 17:15:38
MND,1.0,2018-04-10 17:15:38
MONA,0.2,2018-04-10 17:15:38
MTL,1.35,2018-04-10 17:15:38
MUE,0.02,2018-04-10 17:15:38
MUSIC,0.01,2018-04-10 17:15:38
MYST,2.5,2018-04-10 17:15:38
MZC,0.2,2018-04-10 17:15:38
NAV,0.2,2018-04-10 17:15:38
NEO,0.025,2018-04-10 17:15:38
NEOS,0.02,2018-04-10 17:15:38
NET,0.2,2018-04-10 17:15:38
NEU,0.02,2018-04-10 17:15:38
NLG,0.2,2018-04-10 17:15:38
NMR,0.15,2018-04-10 17:15:38
NTRN,0.02,2018-04-10 17:15:38
NXC,13.0,2018-04-10 17:15:38
NXS,0.2,2018-04-10 17:15:38
NXT,2.0,2018-04-10 17:15:38
OC,0.2,2018-04-10 17:15:38
OK,0.2,2018-04-10 17:15:38
OMG,0.35,2018-04-10 17:15:38
OMNI,0.1,2018-04-10 17:15:38
ORB,0.2,2018-04-10 17:15:38
PART,0.1,2018-04-10 17:15:38
PAY,2.0,2018-04-10 17:15:38
PDC,5.0,2018-04-10 17:15:38
PINK,0.2,2018-04-10 17:15:38
PIVX,0.02,2018-04-10 17:15:38
PKB,0.02,2018-04-10 17:15:38
POLY,1.0,2018-04-10 17:15:38
POT,0.002,2018-04-10 17:15:38
POWR,5.0,2018-04-10 17:15:38
PPC,0.02,2018-04-10 17:15:38
PTC,0.002,2018-04-10 17:15:38
PTOY,14.0,2018-04-10 17:15:38
PXI,0.2,2018-04-10 17:15:38
QRL,2.5,2018-04-10 17:15:38
QTUM,0.01,2018-04-10 17:15:38
QWARK,0.1,2018-04-10 17:15:38
RADS,0.2,2018-04-10 17:15:38
RBY,0.02,2018-04-10 17:15:38
RCN,16.0,2018-04-10 17:15:38
RDD,2.0,2018-04-10 17:15:38
REP,0.1,2018-04-10 17:15:38
RISE,0.1,2018-04-10 17:15:38
RLC,3.5,2018-04-10 17:15:38
RVR,0.1,2018-04-10 17:15:38
SAFEX,100.0,2018-04-10 17:15:38
SALT,0.6,2018-04-10 17:15:38
SBD,0.01,2018-04-10 17:15:38
SC,0.1,2018-04-10 17:15:38
SCRT,1.0,2018-04-10 17:15:38
SEQ,0.2,2018-04-10 17:15:38
SHIFT,0.01,2018-04-10 17:15:38
SIB,0.2,2018-04-10 17:15:38
SLG,0.2,2018-04-10 17:15:38
SLING,0.002,2018-04-10 17:15:38
SLR,0.2,2018-04-10 17:15:38
SLS,0.002,2018-04-10 17:15:38
SNGLS,3.5,2018-04-10 17:15:38
SNRG,0.002,2018-04-10 17:15:38
SNT,20.0,2018-04-10 17:15:38
SOON,0.2,2018-04-10 17:15:38
SPHR,0.002,2018-04-10 17:15:38
SPR,0.2,2018-04-10 17:15:38
SPRTS,1.0,2018-04-10 17:15:38
SRN,1.0,2018-04-10 17:15:38
START,0.02,2018-04-10 17:15:38
STEEM,0.01,2018-04-10 17:15:38
STEPS,0.2,2018-04-10 17:15:38
STORJ,3.0,2018-04-10 17:15:38
STRAT,0.2,2018-04-10 17:15:38
STV,0.2,2018-04-10 17:15:38
SWIFT,2.0,2018-04-10 17:15:38
SWING,0.1,2018-04-10 17:15:38
SWT,1.8,2018-04-10 17:15:38
SYNX,0.2,2018-04-10 17:15:38
SYS,0.0002,2018-04-10 17:15:38
TES,0.2,2018-04-10 17:15:38
THC,0.2,2018-04-10 17:15:38
TIME,0.2,2018-04-10 17:15:38
TIT,0.2,2018-04-10 17:15:38
TIX,5.0,2018-04-10 17:15:38
TKN,0.4,2018-04-10 17:15:38
TKS,0.1,2018-04-10 17:15:38
TRI,0.0002,2018-04-10 17:15:38
TRIG,5.0,2018-04-10 17:15:38
TRK,0.02,2018-04-10 17:15:38
TROLL,0.001,2018-04-10 17:15:38
TRST,7.0,2018-04-10 17:15:38
TRUST,0.02,2018-04-10 17:15:38
TRX,1.0,2018-04-10 17:15:38
TUSD,1.0,2018-04-10 17:15:38
TX,0.02,2018-04-10 17:15:38
UBQ,0.01,2018-04-10 17:15:38
UFO,0.2,2018-04-10 17:15:38
UKG,5.0,2018-04-10 17:15:38
UNB,0.2,2018-04-10 17:15:38
UNIT,2.0,2018-04-10 17:15:38
UNO,0.0002,2018-04-10 17:15:38
UP,1.0,2018-04-10 17:15:38
USDT,25.0,2018-04-10 17:15:38
UTC,0.02,2018-04-10 17:15:38
VEE,1.0,2018-04-10 17:15:38
VIA,0.2,2018-04-10 17:15:38
VIB,13.0,2018-04-10 17:15:38
VOX,0.1,2018-04-10 17:15:38
VRC,0.0002,2018-04-10 17:15:38
VRM,0.4,2018-04-10 17:15:38
VTC,0.02,2018-04-10 17:15:38
VTR,0.02,2018-04-10 17:15:38
WARP,0.02,2018-04-10 17:15:38
WAVES,0.001,2018-04-10 17:15:38
WAX,1.0,2018-04-10 17:15:38
WINGS,4.0,2018-04-10 17:15:38
XAUR,2.5,2018-04-10 17:15:38
XCO,0.02,2018-04-10 17:15:38
XCP,0.2,2018-04-10 17:15:38
XDN,0.01,2018-04-10 17:15:38
XEL,0.2,2018-04-10 17:15:38
XEM,4.0,2018-04-10 17:15:38
XLM,0.01,2018-04-10 17:15:38
XMG,0.0002,2018-04-10 17:15:38
XMR,0.04,2018-04-10 17:15:38
XMY,0.2,2018-04-10 17:15:38
XPY,0.002,2018-04-10 17:15:38
XQN,0.02,2018-04-10 17:15:38
XRP,1.0,2018-04-10 17:15:38
XST,0.02,2018-04-10 17:15:38
XVC,0.002,2018-04-10 17:15:38
XVG,0.2,2018-04-10 17:15:38
XWC,0.2,2018-04-10 17:15:38
XZC,0.02,2018-04-10 17:15:38
ZCL,0.002,2018-04-10 17:15:38
ZEC,0.005,2018-04-10 17:15:38
ZEN,0.002,2018-04-10 17:15:38
ZRX,1.0,2018-04-10 17:15:38
